seq,1_aerobic_t30_2_chlorScore,gene_name,1_aerobic_t30_2_chlor,1_aerobic_t60_2_chlor,1_aerobic_t180_2_chlor,1_aerobic_t30_1_control,1_aerobic_t60_1_control,1_aerobic_t180_1_control
agaatgttgattctgtgctt,-1.15754127698648,C0067,13,17,27,29,28,19
aacccgatgatctgcgcatc,-1.620157164666855,C0465,144,149,181,73,90,134
tatttcaatttcgcggcggg,-1.620157164666855,C0465,4,4,2,14,4,6
ttttatttcaatttcgcggc,-1.620157164666855,C0465,10,18,16,27,10,16
ggttttttatttcaatttcg,-1.620157164666855,C0465,2,9,6,17,2,3
aaaagcaattcaaaaaatat,-1.6505847673602823,aaeX,1,3,0,6,0,1
gcaattcaaaaaatatcggt,-1.6505847673602823,aaeX,14,16,19,23,13,39
agcaattcaaaaaatatcgg,-1.6505847673602823,aaeX,2,7,8,15,13,18
tacctgttggcacaagtacc,-1.6505847673602823,aaeX,41,55,47,12,60,37
gcggccttcggtatcttttt,-inf,ahpC,7,8,19,35,5,12
ttgaatgcctggtttttaaa,-inf,ahpC,0,10,8,18,5,8
gtttttaaaaggtttaattt,-inf,ahpC,0,1,0,0,1,1
tttaattttggtgttaatca,-inf,ahpC,0,0,3,6,1,0
ttgctgttatttaatggtat,-1.4396132833574777,aidB,0,0,0,5,0,0
tcgccagccgccccagttca,-1.4396132833574777,aidB,409,363,545,274,262,464
tcctaactgctgaccaatac,-1.4396132833574777,aidB,173,224,245,270,178,238
tggtataggttgattaaaaa,-1.4396132833574777,aidB,7,12,21,33,10,24
gtttattctcaattagctgg,-1.2246724628094117,allD,19,50,38,65,26,36
agagtttattctcaattagc,-1.2246724628094117,allD,4,10,7,18,15,9
agagtggatccctctggcat,-1.2246724628094117,allD,77,129,137,79,77,139
gtaaaccaatacttcagcca,-1.2246724628094117,allD,57,88,99,91,71,90
atcaacaattcttagtttag,-1.4534452978042594,appY,0,0,0,0,0,0
tcaacaattcttagtttaga,-1.4534452978042594,appY,2,2,2,5,0,2
caacaattcttagtttagag,-1.4534452978042594,appY,7,11,19,21,11,25
ttatcaagagtaaatttgcc,-1.4534452978042594,appY,3,7,13,10,5,10
ggcaaaatttgggacaaaaa,-1.6300001728720803,araH,14,27,26,60,32,39
ccgaagctgaatgacgactt,-1.6300001728720803,araH,130,124,168,79,94,145
taatgaaggtggcaaaattt,-1.6300001728720803,araH,7,21,27,45,8,28
atttgggacaaaaatggcac,-1.6300001728720803,araH,17,32,23,38,28,43
atcgcctgaaagcattaaat,-1.5849625007211563,ariR,4,11,15,18,10,16
aattgtagtatcttcaagca,-1.5849625007211563,ariR,1,4,2,2,9,2
agaattttgaacaattggat,-1.9367220562576883,arsR,2,12,8,18,4,8
cagtaaaacgatgcccagac,-1.9367220562576883,arsR,103,92,84,76,66,94
cagcaagaattttgaacaat,-1.9367220562576883,arsR,32,62,78,67,46,67
aagaattttgaacaattgga,-1.9367220562576883,arsR,4,17,14,28,8,10
gctcatccctgcaaaaaaat,-1.4988058569714415,b0165,23,40,54,65,25,53
ggcgtgtttcatctcatcaa,-1.3148990743936149,bfr,68,79,68,47,37,88
ttgcccaggtcctgtaagtt,-1.3148990743936149,bfr,22,50,47,43,16,51
gaccccagtttttaaacatt,-1.3148990743936149,bfr,1,6,12,11,4,6
aatgcgctcaatataacgat,-1.3148990743936149,bfr,24,54,55,76,47,71
caggttgccatcacctcaag,-1.0289491918541005,bglG,272,249,302,140,203,238
aacattattgttgagaattt,-1.0289491918541005,bglG,1,5,5,12,12,11
gttcagttcatgactgctca,-1.0289491918541005,bglG,174,232,261,207,160,230
taaagagataatacgatcac,-1.0289491918541005,bglG,10,18,16,35,6,11
cgacatttctcttcttaatt,-1.3736169648100165,bglJ,14,25,29,34,29,38
aaatgactcctgactggtat,-1.3736169648100165,bglJ,47,66,58,84,35,83
actcctgactggtataggta,-1.3736169648100165,bglJ,68,105,142,188,87,155
gtataggtatggagcttata,-1.3736169648100165,bglJ,7,19,7,27,16,24
ttgattgatccattaacttc,-1.0443941193584534,blr,14,34,34,54,28,20
gattgatccattaacttcag,-1.0443941193584534,blr,16,29,27,33,18,21
accgaagcactctgttcagg,-1.0443941193584534,blr,93,67,99,53,41,65
atttcttcgatttttttgac,-1.8455809522765407,bluF,3,4,4,10,5,4
atggctacgataaataaggg,-1.8455809522765407,bluF,30,36,52,48,38,41
tatatggctacgataaataa,-1.8455809522765407,bluF,3,7,10,23,9,14
gtatatggctacgataaata,-1.8455809522765407,bluF,8,16,15,31,12,17
gttttgatagcatttcattt,-1.0311859301437547,cas3,4,12,20,5,6,19
ttgaggattttccccagtaa,-1.0311859301437547,cas3,29,41,47,51,27,62
tcctttcgtcaagctttttg,-1.0311859301437547,cas3,24,37,39,57,29,24
taatggcatatatatttaaa,-1.0311859301437547,cas3,0,0,0,2,0,2
catttttgataccagtaaag,-1.2323341335017222,chbB,6,2,11,21,6,8
aaccaacatgactttttttg,-1.2323341335017222,chbB,25,43,61,66,29,59
ggtaacaaacgctggatttc,-1.2323341335017222,chbB,115,133,157,104,110,149
ggaaatgcttcaataatgac,-1.2323341335017222,chbB,44,59,57,92,51,56
gcaataaaagcaccaatatt,-1.2259138764585056,cmtA,41,67,93,92,46,76
ggcaataaaagcaccaatat,-1.2259138764585056,cmtA,1,9,7,5,7,8
tcaaaaagcccccaaaagcc,-1.2259138764585056,cmtA,170,175,182,108,160,256
taacgcagtaataaaacccc,-1.2259138764585056,cmtA,89,140,160,217,133,138
gaaaaggctaattattgttg,-1.2092961982277353,cvrA,19,37,51,53,28,33
tatactgctggtgacaagga,-1.2092961982277353,cvrA,18,9,13,8,12,14
gtaatatactgctggtgaca,-1.2092961982277353,cvrA,12,12,11,23,16,15
attattgttgtggcatccaa,-1.2092961982277353,cvrA,9,18,16,33,15,17
aatcaataaaaaatccatac,-2.412214217708273,dmsB,0,4,3,11,8,2
cagctcgcaggttttgcaac,-2.412214217708273,dmsB,397,358,414,288,294,367
aatccatactgggttgtcat,-2.412214217708273,dmsB,57,60,94,95,84,86
atcaataaaaaatccatact,-2.412214217708273,dmsB,1,2,11,17,5,11
aacggttttgacattccata,-1.2997310352081357,ecpR,5,17,16,15,23,22
tttatagaagtaggcgtcat,-1.2997310352081357,ecpR,13,23,34,24,15,19
ttatagaagtaggcgtcatg,-1.2997310352081357,ecpR,9,19,10,25,13,21
ctttatagaagtaggcgtca,-1.2997310352081357,ecpR,11,18,33,24,6,14
tgataagtcggataatcgat,-1.4571759545445897,elaD,24,46,29,14,23,47
ctgacaactgtaaccatcat,-1.4571759545445897,elaD,30,35,50,59,34,32
taaagactgcagtaattcct,-1.4571759545445897,elaD,12,32,24,46,27,29
aacaagcatttttgataagt,-1.4571759545445897,elaD,2,1,5,18,2,4
ttcaacagtcgggttaccac,-1.4917559386057158,eno,1,6,14,11,10,2
cttcaacagtcgggttacca,-1.4917559386057158,eno,13,20,35,25,14,1
accgatgatttttacgattt,-1.4917559386057158,eno,2,4,8,6,2,0
gtacttcggcttcaacagtc,-1.4917559386057158,eno,11,13,38,29,15,1
gtttaaaaaaggcaatattc,-1.5197641820933185,eptA,9,21,14,32,14,21
ccaggcgagtaaattcaaag,-1.5197641820933185,eptA,52,71,97,63,64,95
tcaaagagggtctttttagt,-1.5197641820933185,eptA,16,15,14,37,7,13
gcagatagagatataaaaag,-1.5197641820933185,eptA,4,15,23,17,17,18
ggcggagttgtttgaaataa,-1.8827673731814885,flxA,1,4,14,5,12,5
ctatttctgatgttccttcc,-1.8827673731814885,flxA,10,13,9,34,7,11
actgctccagttgagcccag,-1.8827673731814885,flxA,53,53,63,35,27,60
tatttctgatgttccttccg,-1.8827673731814885,flxA,1,2,1,4,1,1
gccagtaattaatattggca,-1.0208295758186072,folM,27,51,48,41,57,70
ccagtaattaatattggcaa,-1.0208295758186072,folM,16,37,39,31,20,31
cctccgccagtaattaatat,-1.0208295758186072,folM,13,30,32,38,25,38
taattaatattggcaagggc,-1.0208295758186072,folM,8,27,8,17,7,8
tcagtatcatcttttttgag,-1.079518342649788,fumA,19,33,28,33,36,29
aaaggagcctgataatgaaa,-1.079518342649788,fumA,19,52,48,24,31,42
aaaaggagcctgataatgaa,-1.079518342649788,fumA,7,16,17,18,20,14
tcatcttttttgagtggaaa,-1.079518342649788,fumA,3,13,9,13,17,17
ttgcggctaacaaaataaat,-1.3837769569998146,gadE,6,15,20,38,16,27
ggtatcaatgataaccttga,-1.3837769569998146,gadE,9,11,23,15,23,23
gtatcaatgataaccttgaa,-1.3837769569998146,gadE,9,12,15,22,12,22
atcaaggatatgattgtgat,-1.3837769569998146,gadE,14,39,49,39,46,44
tgcaccatttttaaatatcc,-1.9562685793748305,gatD,17,26,26,64,24,47
gcaccatttttaaatatcct,-1.9562685793748305,gatD,9,29,30,36,20,37
tttaaatatcctgggtaaat,-1.9562685793748305,gatD,1,9,10,5,4,2
ggaaccacataagcccgagc,-1.9562685793748305,gatD,190,162,174,121,71,209
gacagacagggtaaatgtac,-1.3769488299505221,gcvB,3,5,4,23,3,6
aatgtacaggaagtgaaaaa,-1.3769488299505221,gcvB,12,20,16,31,13,24
tccgataaaacttttcgttc,-1.3769488299505221,gcvB,18,17,18,47,24,32
ttaatcactatggacagaca,-1.3769488299505221,gcvB,27,36,32,30,52,52
atcccatatatatttatcat,-1.0844279712261935,glf,4,5,3,11,3,5
gtgcaccatatttatgaatc,-1.0844279712261935,glf,75,131,164,142,117,172
ttgtctttataaatcgccag,-1.0844279712261935,glf,24,43,56,41,42,38
ttttaactcattcgcacaaa,-1.0844279712261935,glf,16,25,38,38,26,33
atgtaattgtcatcaaaggc,-1.1634906613068239,gloB,24,44,28,88,37,42
gatgtaattgtcatcaaagg,-1.1634906613068239,gloB,15,22,28,55,11,24
gcggcaatggcgtttaatac,-1.1634906613068239,gloB,171,172,235,234,118,249
cgtctccgggatcgacaatc,-1.1634906613068239,gloB,282,272,341,192,209,263
cttcttaattttttgcgcgt,-1.0148736716970261,gspM,16,62,48,49,32,41
aacgatctgtttttccgatg,-1.0148736716970261,gspM,48,72,97,98,69,75
ccttcttaattttttgcgcg,-1.0148736716970261,gspM,26,61,74,52,46,50
ggactgatgctctgcaatgt,-1.0148736716970261,gspM,212,187,306,169,176,249
gatctaccagttccagcgcc,-1.7046954680688509,higA,30,23,40,46,40,40
ttctgaatacccgccagaaa,-1.7046954680688509,higA,2,3,4,24,6,0
ttctcctgcttgcaagatgt,-1.7046954680688509,higA,48,54,31,85,83,121
atctaccagttccagcgcct,-1.7046954680688509,higA,3,1,15,18,6,1
atatgcagtgataattgtgg,-1.0908125715377153,htrL,9,36,22,54,21,27
tcaacccttggtttcaaatc,-1.0908125715377153,htrL,75,93,127,78,90,137
ttcaacccttggtttcaaat,-1.0908125715377153,htrL,47,64,79,101,78,100
ctgaacgagctagtttttca,-1.0908125715377153,htrL,54,82,93,114,58,88
ctgaaatttctttttttcat,-1.1054483912493094,insN-2,0,4,0,3,1,2
gccaacatccatagctttcg,-1.1054483912493094,insN-2,18,24,31,50,38,24
ggtgttatcggagaggcttt,-1.1054483912493094,insN-2,21,13,32,35,13,31
catctgccaccgtgtatttc,-1.1054483912493094,insN-2,37,26,31,27,21,34
ggtgtaaatatactgccagg,-1.3612330122355456,iraM,6,3,10,18,2,13
gtgtaaatatactgccagga,-1.3612330122355456,iraM,5,12,12,2,11,13
cattttcatattaccccata,-1.3612330122355456,iraM,8,6,1,31,8,8
gaaaaagatataccacatgt,-1.3612330122355456,iraM,5,4,7,11,5,13
tattgggcactaccacctca,-inf,leuU,5,2,11,0,7,0
gtctaccaattccaccacct,-inf,leuU,0,4,23,3,0,0
tttttagttcgggatatcgc,-inf,leuU,2,6,3,6,6,2
acggatactactttttagtt,-inf,leuU,0,0,4,1,1,0
ttttttgatatcgcctcgtt,-1.403677461028802,leuV,2,2,8,14,1,4
atatcgcctcgtttggtgcg,-1.403677461028802,leuV,23,37,26,23,24,23
atgattaacggggatatacc,-1.3191706128768035,lpxT,50,65,81,114,77,66
atattcaacaacactatttg,-1.3191706128768035,lpxT,4,15,9,22,4,20
accagaatccatgattaacg,-1.3191706128768035,lpxT,92,131,167,101,103,135
aaccagaatccatgattaac,-1.3191706128768035,lpxT,52,105,105,142,100,116
caacaaggtaacccaccagc,-1.7187026561536494,malF,383,390,430,250,236,374
ttctttttaatgacatccat,-1.7187026561536494,malF,6,14,18,41,9,19
tttctttttaatgacatcca,-1.7187026561536494,malF,2,14,8,15,9,12
actcaatatcagcgtggtaa,-1.7187026561536494,malF,82,82,124,130,102,121
gagacagatactcgttaagc,-1.0634864281288827,marR,80,90,123,64,76,74
aatttcattgaacagatcgc,-1.0634864281288827,marR,25,53,49,42,28,41
ctttcttctgattaaccata,-1.0634864281288827,marR,5,7,9,13,6,11
atatggattaagcgacccaa,-1.0634864281288827,marR,25,52,47,67,13,24
aggtttcgtttccagtttat,-1.3512100411346666,mdtG,1,2,0,0,1,1
tataggggtgtcattttcac,-1.3512100411346666,mdtG,16,18,11,27,22,18
ataggggtgtcattttcaca,-1.3512100411346666,mdtG,7,16,12,27,14,22
ggtttcgtttccagtttata,-1.3512100411346666,mdtG,0,0,6,7,0,5
aaaccgtaagaatagcaata,-1.3612330122355454,moaB,7,8,13,3,4,8
aaccgtaagaatagcaatac,-1.3612330122355454,moaB,13,33,37,26,20,25
gtaagaatagcaatacgggt,-1.3612330122355454,moaB,9,21,13,32,15,12
taagaatagcaatacgggtc,-1.3612330122355454,moaB,10,18,20,33,19,10
ggtcggcgaataatttttgt,-inf,modE,35,60,76,88,55,81
ataatttttgttggagctta,-inf,modE,0,1,2,7,0,1
gttggagcttaagggtgaga,-inf,modE,93,99,111,45,77,90
taatttttgttggagcttaa,-inf,modE,0,3,5,3,2,4
ttttcctttattttcccaga,-1.0945934518014726,narU,5,20,16,36,16,18
ggttaataaaaagagttgat,-1.0945934518014726,narU,8,15,29,29,8,16
cctttattttcccagaaggc,-1.0945934518014726,narU,62,73,89,78,63,66
gccagaaacggagggtaatg,-1.0945934518014726,narU,282,379,468,312,304,439
aatatttttcaccagttggc,-1.4596907698958579,norW,2,3,4,7,2,5
gaatatttttcaccagttgg,-1.4596907698958579,norW,5,5,26,15,2,5
atttttcaccagttggcggg,-1.4596907698958579,norW,9,16,12,2,8,12
tgcgaatatttttcaccagt,-1.4596907698958579,norW,23,31,43,58,40,36
gtgcagggtgaaatagttat,-2.4355067796399608,nudK,57,102,114,139,82,128
agagaattttgtctttaatg,-2.4355067796399608,nudK,0,1,1,1,1,0
atcgtaagtaatgttgtgca,-2.4355067796399608,nudK,43,47,71,17,46,36
gagaattttgtctttaatga,-2.4355067796399608,nudK,1,0,2,12,1,3
catctctttttgggtaatac,-1.2781966742621926,pagB,17,43,46,35,44,50
tctctttttgggtaatacgg,-1.2781966742621926,pagB,2,7,6,2,5,2
gcgttcagtcatctcttttt,-1.2781966742621926,pagB,21,32,43,60,27,74
atctctttttgggtaatacg,-1.2781966742621926,pagB,3,9,4,11,3,7
tcttgactggctaatgcacg,-2.584962500721156,pgaB,64,90,103,58,84,94
taattatactcaccagcatc,-2.584962500721156,pgaB,1,13,13,16,9,11
agtaaagattcgcgatcctg,-2.584962500721156,pgaB,10,24,22,60,11,21
gtataaatgatgttcttgac,-2.584962500721156,pgaB,4,7,11,24,10,6
aaaaagaatgcgaagaaaaa,-2.1699250014423126,pheL,4,3,1,18,4,4
gttatcactcatataatgca,-1.1116821302018862,phoE,16,35,14,70,28,48
aaccaaaacggatataactc,-1.1116821302018862,phoE,53,113,119,99,79,99
caaatctttatatttcaacc,-1.1116821302018862,phoE,4,9,12,10,6,13
actctggtcgccatctttac,-1.1116821302018862,phoE,322,366,410,271,257,403
cctgaatctgaactttaagg,-1.631517202916897,phoP,5,9,14,16,25,22
atgttcattgagataataat,-1.631517202916897,phoP,0,3,1,1,2,0
gagataataatcggcttctt,-1.631517202916897,phoP,6,6,4,6,17,12
catcctgaatctgaacttta,-1.631517202916897,phoP,16,17,25,48,25,30
atggtagtcttaccggcgtc,-1.9924465538048959,prfC,0,0,4,9,1,1
tggtagtcttaccggcgtcc,-1.9924465538048959,prfC,3,3,7,25,13,2
gagaaataatggcaaaagtg,-1.9924465538048959,prfC,0,1,0,0,0,3
ggcgtccgggtgagaaataa,-1.9924465538048959,prfC,20,10,16,38,55,26
catcaatacgctatatctga,-1.5497678367754573,psrD,28,41,46,45,29,39
acgaagcgcatagtttaaaa,-1.5497678367754573,psrD,6,16,17,32,22,24
ttgagaaatcttgggtagtt,-1.2369655941662063,pssA,0,1,34,1,0,1
atcaactgattgagaaatct,-1.2369655941662063,pssA,6,24,21,25,13,11
attgagaaatcttgggtagt,-1.2369655941662063,pssA,3,5,6,4,6,4
tcaactgattgagaaatctt,-1.2369655941662063,pssA,1,3,16,0,0,0
tttccaacgaactgctcagg,-1.0539016447672576,ravA,29,23,34,30,43,47
ttctttccgctaataaatga,-1.0539016447672576,ravA,8,9,13,39,8,11
ttccaacgaactgctcaggc,-1.0539016447672576,ravA,105,80,88,26,87,91
attctttccgctaataaatg,-1.0539016447672576,ravA,6,21,7,25,18,21
gtcttcacccaggcgcatga,-1.4312482381250327,recA,11,25,28,35,15,10
ccatggaacggtcttcaccc,-1.4312482381250327,recA,4,10,29,24,6,5
agagatggtttccacatcca,-1.4312482381250327,recA,5,14,25,6,11,2
tggtttccacatccatggaa,-1.4312482381250327,recA,7,12,34,16,8,7
atctttactatctgctgctt,-1.4534452978042594,rfbX,21,45,46,34,39,49
agatatggaaatgtaagcaa,-1.4534452978042594,rfbX,8,16,17,20,13,14
tcatatatagcatagtcgct,-1.4534452978042594,rfbX,18,37,24,70,27,57
ccgaatataccgaaattttc,-1.4534452978042594,rfbX,25,44,35,75,62,78
atacggtaaatcatactttt,-1.1961587113893801,rluC,0,2,2,9,3,8
atagcaacaatttttacgga,-1.1961587113893801,rluC,0,0,0,0,0,0
tttttggtacgcctttcaat,-1.1961587113893801,rluC,5,15,10,14,3,8
ttttggtacgcctttcaatt,-1.1961587113893801,rluC,8,8,22,15,16,9
tttggtcttgcgacattatg,-inf,rrsG,0,0,0,3,0,1
aaaatgatacagcgaatttc,-1.7933293956910272,scpB,17,27,16,74,27,30
tacttaaggcattaagtttt,-1.7933293956910272,scpB,25,31,36,69,31,41
atcaataaagactttactta,-1.7933293956910272,scpB,1,2,4,8,1,4
gagaagactttggatccact,-1.7933293956910272,scpB,85,94,81,108,104,97
agagggcttttaataaggaa,-1.131517202916897,sibA,0,1,0,0,0,0
gagggcttttaataaggaaa,-1.131517202916897,sibA,5,17,25,15,8,26
gatgaagcacgtcatcatac,-1.131517202916897,sibA,0,0,0,2,0,0
actcttagtgattagcttcc,-1.131517202916897,sibA,20,26,25,32,18,25
aatggcgaccacgaaagaaa,-1.0294468445267844,sieB,32,33,61,43,28,51
gtatacataagtctttcgag,-1.0294468445267844,sieB,2,3,3,6,8,0
acgataatctgaaagagcca,-1.0294468445267844,sieB,18,17,25,25,17,14
aatgcgacagtaaactcttt,-1.0294468445267844,sieB,36,65,58,124,29,61
acaaaacttttttgaatatc,-1.7649104732643477,slp,1,9,8,12,6,8
ttgcggaattgaactacatg,-1.7649104732643477,slp,64,82,91,43,77,97
atgcggcaagcaaaaatgaa,-1.7649104732643477,slp,80,112,145,84,85,142
aacttttttgaatatcaggt,-1.7649104732643477,slp,1,10,5,11,2,3
accgatatttctatcaaccg,-1.608809242675524,sokB,20,40,42,61,31,48
tttaatttttcctctattct,-inf,sraA,0,0,1,1,1,0
ggaaaagtgtagatataaag,-2.6961587113893803,tam,10,21,16,28,15,28
cgccggacgcgatcgttcag,-2.6961587113893803,tam,348,393,449,190,241,344
aaaagtgtagatataaagag,-2.6961587113893803,tam,0,7,6,17,3,6
gaaaagtgtagatataaaga,-2.6961587113893803,tam,1,4,4,15,3,5
aattttgcctggtaattatc,-1.5849625007211563,tdcR,4,12,4,17,9,13
aatttaactcaaattttgcc,-1.5849625007211563,tdcR,10,15,13,12,16,20
tccggtaattgcttgaaata,-1.5849625007211563,tdcR,11,16,26,33,34,27
tttatcgtatggcgttaatg,-1.1730118852524127,tfaS,3,15,14,25,3,13
gttaatggggcgatagtcgc,-1.1730118852524127,tfaS,10,15,14,21,7,18
cgttaatggggcgatagtcg,-1.1730118852524127,tfaS,19,42,50,46,18,29
catttatcgtatggcgttaa,-1.1730118852524127,tfaS,10,17,26,17,6,14
ctctaccaactgagctatat,-1.4594316186372973,thrW,8,17,15,22,11,12
tgcaaggcagtcatgataca,-2.470418963765928,tomB,0,0,2,4,0,0
tgtgcgatatcatgtctttt,-2.470418963765928,tomB,14,40,32,43,41,38
ctgtgcgatatcatgtcttt,-2.470418963765928,tomB,51,82,79,72,42,100
ttgcaaggcagtcatgatac,-2.470418963765928,tomB,2,0,2,20,0,0
aaagactatagagccaaacc,-1.0032131345797164,trkG,30,47,57,37,59,47
taaaacaatgctacaaccat,-1.0032131345797164,trkG,28,36,45,45,29,37
caattataataaacccatca,-1.0032131345797164,trkG,2,9,4,5,5,7
aattataataaacccatcac,-1.0032131345797164,trkG,3,5,3,8,1,3
ggccaaaaccagcagtaagc,-1.4629997092781117,tsr,177,153,197,93,133,202
aattttgatacgttttaaca,-1.4629997092781117,tsr,1,8,2,9,6,6
attttctttgtcattcttta,-1.4629997092781117,tsr,1,7,8,3,3,8
cagttgtaaaaggccaaaaa,-1.4629997092781117,tsr,15,37,31,38,27,45
agttttttgatttcacgggt,-1.26525735834939,uidA,0,7,2,1,4,1
gttttttgatttcacgggtt,-1.26525735834939,uidA,9,27,18,39,22,15
gtcgagttttttgatttcac,-1.26525735834939,uidA,18,23,28,19,17,43
tcacgggttggggtttctac,-1.26525735834939,uidA,21,22,20,28,13,23
taaggcatcttcttcattcc,-1.4792104481243005,uspD,11,17,31,36,7,25
cagggctttattcaccagta,-1.4792104481243005,uspD,14,30,27,56,14,54
attatgtctggcgagctcca,-1.4792104481243005,uspD,8,12,13,19,26,18
cattatgtctggcgagctcc,-1.4792104481243005,uspD,29,42,36,27,19,40
ttggatatgttgttgcctga,-1.3774437510817343,waaB,55,67,85,50,57,58
caaaaaacctaaacgaatat,-1.3774437510817343,waaB,3,10,15,9,4,6
aaaagaaaaacatttcactt,-1.3774437510817343,waaB,4,8,5,9,4,8
tacaaataacgatatctggt,-1.3774437510817343,waaB,14,50,43,64,43,45
cctattaaaaatatagaaag,-inf,waaL,0,0,2,1,1,0
tttcaatgaatgaagtttaa,-inf,waaL,0,0,0,1,0,1
attgatgatttcagagtgta,-inf,waaL,14,32,30,47,29,21
atatagaaaggggaagaata,-inf,waaL,1,1,3,2,2,1
gtactttgaattgttttcat,-1.2265863140828075,waaY,20,42,41,92,43,52
aagaatcaatttaccgtaat,-1.2265863140828075,waaY,3,10,7,22,17,11
cgttcgttacgcttaacttt,-1.2265863140828075,waaY,90,137,153,83,100,115
ctttttgggtttgctcaaaa,-1.2265863140828075,waaY,21,33,31,25,28,28
aaaggtgttttttgcgatgt,-1.0152941599167113,waaZ,10,28,23,26,19,13
gatataaagtttatcttctt,-1.0152941599167113,waaZ,0,8,3,4,3,0
ctatggtataacgacttctc,-1.0152941599167113,waaZ,59,72,76,77,48,61
cacgacgctgatgtaaaaat,-1.0152941599167113,waaZ,56,89,120,88,85,108
tgatgtagtcttcatgtccg,-1.025313036534984,wbbL_1,13,10,12,0,5,13
gatgtagtcttcatgtccgt,-1.025313036534984,wbbL_1,5,11,13,19,15,3
cacctccactaatatagtcc,-1.025313036534984,wbbL_1,21,18,11,58,23,42
agtccaggcctgcataatgc,-1.025313036534984,wbbL_1,14,27,10,21,15,26
ttatcaatccagtaaatttt,-1.049767836775457,wecH,4,7,5,12,7,11
ttaaacacgctatccctcgc,-1.049767836775457,wecH,27,33,39,30,25,18
attggtcacataccaggtag,-1.049767836775457,wecH,7,9,15,15,3,6
gttatcaatccagtaaattt,-1.049767836775457,wecH,2,6,9,4,8,8
tattaatcatgtaagagccg,-1.5764759614192994,xapB,6,38,23,71,24,34
aaccatgccaacattagcgc,-1.5764759614192994,xapB,309,317,424,185,211,273
attaatcatgtaagagccga,-1.5764759614192994,xapB,19,47,34,65,24,28
ccagataaaatattgcaaaa,-1.5764759614192994,xapB,10,30,21,26,8,27
tctttaatatgaatgctgag,-1.239671887559199,xapR,11,29,26,56,19,19
ccgctacggcaagaaaataa,-1.239671887559199,xapR,31,57,38,56,63,88
ttaatatgaatgctgagcgg,-1.239671887559199,xapR,23,45,41,71,27,40
tatttaaacgcgctgctgcg,-1.239671887559199,xapR,28,54,37,23,35,32
gattttcagaatatcgttgt,-1.426221405793071,yaeH,5,10,5,10,8,5
aaaactcgcctttgtctttc,-1.426221405793071,yaeH,14,37,34,58,36,36
acgatcaatttcttcaggat,-1.426221405793071,yaeH,18,37,49,65,33,52
cgttgttggcttcctgccgg,-1.426221405793071,yaeH,114,78,128,101,84,114
tgatcaataaagtatttagc,-1.292481250360578,yafN,1,1,1,3,6,5
cacttaagagatatcctgcg,-1.292481250360578,yafN,18,22,28,17,25,26
gatcaataaagtatttagct,-1.292481250360578,yafN,5,11,8,10,15,17
ttattagaaagaaccgcaac,-1.292481250360578,yafN,12,14,14,42,22,29
aagtattacaggagaattaa,-1.5197641820933188,yafT,2,2,8,14,2,7
agtattacaggagaattaag,-1.5197641820933188,yafT,1,6,5,6,1,9
ctcttcggatacggccagag,-1.5197641820933188,yafT,110,161,120,82,85,137
ccggattgaacaagtattac,-1.5197641820933188,yafT,27,45,21,37,46,75
agaatatctccgggtgtcgt,-2.111196210668224,ybaQ,12,24,21,40,17,23
ttcatagagaagaatatctc,-2.111196210668224,ybaQ,1,6,13,7,5,16
tcattgattttcaaatcgag,-2.111196210668224,ybaQ,5,4,11,28,4,9
tcatagagaagaatatctcc,-2.111196210668224,ybaQ,3,3,4,2,3,10
cttcgctatagccgcgttgc,-1.0648323159118829,ybbW,264,249,348,133,204,255
taaatgttttccaggtccgc,-1.0648323159118829,ybbW,27,41,43,76,41,39
ccgccgaccatcacataatt,-1.0648323159118829,ybbW,128,158,263,199,167,357
aaaatagttaaatgttttcc,-1.0648323159118829,ybbW,0,2,0,3,1,0
tcaactaacaatgtagttcc,-1.2331590021112686,ybcK,8,8,8,20,8,9
gagtcgccagacatctgacc,-1.2331590021112686,ybcK,53,34,49,26,26,17
atatgctatggcttttttca,-1.2331590021112686,ybcK,1,2,2,4,3,2
cagcaataagtcttctctgt,-1.2331590021112686,ybcK,19,19,25,42,17,22
taatagtgaaagtctatgca,-1.9068905956085185,ybfB,4,7,15,23,9,4
taactcgctcacatcacgag,-1.9068905956085185,ybfB,92,90,123,57,81,106
ataaagaatactatgcctgt,-1.9068905956085185,ybfB,4,6,11,15,2,3
ctcctgcaacgttcctttga,-1.4924465538048959,ybfC,31,60,70,16,56,61
attctgataccatctccaca,-1.4924465538048959,ybfC,10,24,14,25,12,13
attaagagtctcgccccgct,-1.4924465538048959,ybfC,18,24,28,57,16,34
attatttaagacaggaaacg,-1.4924465538048959,ybfC,1,7,4,10,4,5
taagagttcggtatggtttg,-1.3906798567623297,ybfH,5,16,18,17,4,13
tttaaccagttctggattat,-1.3906798567623297,ybfH,2,1,2,5,1,3
ccagttctggattattggcc,-1.3906798567623297,ybfH,11,14,13,3,28,11
tttattaaccggtaagagtt,-1.3906798567623297,ybfH,4,10,4,11,5,6
gcaatttcattagcaatttc,-1.3833564687801292,ybjI,24,35,55,56,37,46
cataaaccgctcacggttat,-1.3833564687801292,ybjI,60,62,89,62,95,63
caatttcattagcaatttca,-1.3833564687801292,ybjI,9,21,26,39,14,26
ctgataatattgattcccgc,-1.3833564687801292,ybjI,36,51,57,105,33,59
gcccagtaaatggcttaatt,-1.1231195816454078,ycbJ,20,38,45,86,36,58
ttaacggcattgggtttccc,-1.1231195816454078,ycbJ,42,41,61,55,48,74
tgagtttttcgcccagtaaa,-1.1231195816454078,ycbJ,5,6,7,14,6,9
ttcttgccattaacggcatt,-1.1231195816454078,ycbJ,36,60,70,61,35,49
catattttaatcctaatgcc,-1.1144093452479404,yccE,3,7,3,17,8,3
ctcattttttatatcgttcc,-1.1144093452479404,yccE,1,4,7,3,18,3
gaatccaaatcagatattcc,-1.1144093452479404,yccE,16,11,19,25,21,20
gcgtatttatccgctctggc,-1.1144093452479404,yccE,60,63,74,47,41,48
attagtcagatgggtaacaa,-2.9474088816539714,ycgH_1,4,2,4,14,4,3
tacggttaatgtttttcctt,-2.9474088816539714,ycgH_1,0,5,2,4,3,3
tactgtctgaattagtcaga,-2.9474088816539714,ycgH_1,17,34,22,14,19,39
actgtctgaattagtcagat,-2.9474088816539714,ycgH_1,1,7,13,17,5,5
tggtcgtactaacttttaac,-1.6591584206674919,ycgX,16,27,30,38,18,44
gactgcgtagtgtgcacgat,-1.6591584206674919,ycgX,19,19,19,0,35,13
aataaatgtaatgtgcaata,-1.6591584206674919,ycgX,0,1,0,1,0,0
actaacttttaacaggttcc,-1.6591584206674919,ycgX,10,27,24,42,13,20
tggtaaaactgattaaatgt,-inf,ycjM,0,3,6,5,9,11
aagtttctgtaaatgagttg,-inf,ycjM,2,15,11,17,9,7
aactgattaaatgtgggtaa,-inf,ycjM,0,9,8,16,2,6
ttccaccgtagatttcgtcc,-inf,ycjM,81,89,76,54,56,80
ggcaatatcataaatagtag,-1.9664429020707317,ycjW,0,0,1,7,0,4
ctggcaatatcataaatagt,-1.9664429020707317,ycjW,11,21,24,24,22,13
ttttgatacgcctgcaaccc,-1.9664429020707317,ycjW,117,95,109,68,83,116
tggcaatatcataaatagta,-1.9664429020707317,ycjW,2,11,3,14,5,12
tcagacgggatattaaatct,-1.1239637567217928,ydcH,12,35,29,19,17,25
tcgaacaaggacataaagcg,-1.1239637567217928,ydcH,39,26,36,25,14,36
aggattttcgtttttcagac,-1.1239637567217928,ydcH,0,16,9,26,9,6
gaggattttcgtttttcaga,-1.1239637567217928,ydcH,4,10,10,12,6,9
aaaaaaccagaatatttatc,-1.5849625007211563,ydcL,0,5,2,5,5,1
aaccagaatatttatctggc,-1.5849625007211563,ydcL,6,12,13,27,16,24
aacaggtttacctgtagccg,-1.5849625007211563,ydcL,99,111,138,99,79,87
accagaatatttatctggct,-1.5849625007211563,ydcL,3,9,10,6,4,7
tatcaacatacgaagcgtaa,-1.2423555135428277,yddA,18,24,28,26,31,26
attattcttacgcagccaaa,-1.2423555135428277,yddA,9,15,18,39,13,10
atcaacatacgaagcgtaat,-1.2423555135428277,yddA,49,72,59,27,56,85
ttattcttacgcagccaaaa,-1.2423555135428277,yddA,8,15,19,31,14,15
tatggggatgaatcggctca,-1.1239637567217928,yddH,39,22,52,41,13,40
gtaattctatggggatgaat,-1.1239637567217928,yddH,7,14,21,27,6,9
ctggcatggtgtaattctat,-1.1239637567217928,yddH,1,3,7,2,1,2
tggcatggtgtaattctatg,-1.1239637567217928,yddH,8,15,4,19,11,18
aaagtgattgttttcatcct,-1.2380745067911154,yddK,15,17,19,31,17,17
ttccagttttgtagtgtttt,-1.2380745067911154,yddK,12,29,28,42,23,27
taaagtgattgttttcatcc,-1.2380745067911154,yddK,12,17,9,9,8,9
tggcgtttaaatgtgcaata,-1.2380745067911154,yddK,13,22,40,35,30,32
agattacattgaaaactgga,-1.636509247203208,ydeM,3,9,5,12,0,2
taaactgcgactctttttca,-1.636509247203208,ydeM,12,33,32,29,13,18
tttgagattacattgaaaac,-1.636509247203208,ydeM,4,9,17,20,9,19
acattgaaaactggagggct,-1.636509247203208,ydeM,56,74,102,43,58,66
tctggatttcagcttattag,-1.535194663945699,ydfO,5,17,7,26,16,11
gaaaaactcctgctttagca,-1.535194663945699,ydfO,5,14,8,21,11,10
gtaagatctgtgtagttttc,-1.535194663945699,ydfO,4,3,5,8,11,6
tgacagacacaatgtttttt,-1.535194663945699,ydfO,12,15,26,20,13,46
cgccagagatgacatatttt,-1.1644914262106565,ydiN,36,76,92,75,75,106
taataacactaatgccgtgc,-1.1644914262106565,ydiN,29,30,36,47,21,42
ccgccagagatgacatattt,-1.1644914262106565,ydiN,34,64,77,82,90,121
agtaaatacaaagaacagcc,-1.1644914262106565,ydiN,10,28,26,25,21,35
acaaagccacaacaaccatc,-inf,yeaI,40,41,29,14,37,43
atatttaaagaataacccca,-inf,yeaI,0,1,0,3,0,1
agagatatatagttttgacc,-inf,yeaI,0,5,4,15,1,6
tgagtgctggattttattga,-inf,yeaI,6,12,14,11,18,18
aatattgccgtatttactgg,-1.5458834938841277,yeaV,42,67,69,131,70,71
caggagagcgtgctgtattc,-1.5458834938841277,yeaV,184,194,235,82,145,180
acgaatattgccgtatttac,-1.5458834938841277,yeaV,30,46,48,82,43,61
acaaataaacataaacagcc,-1.5458834938841277,yeaV,17,44,45,55,25,31
gtgactttatttaattgaac,-2.416445007082371,yedM,2,3,8,19,5,15
tttaacgaaagatcatttaa,-2.416445007082371,yedM,5,11,15,15,9,6
cagtagcaatataaaaagca,-1.2250164603175238,yedV,11,22,21,9,15,23
aaaaagcaaggttaaacgga,-1.2250164603175238,yedV,10,19,23,30,16,25
atagagagtccagacaattc,-1.2250164603175238,yedV,28,53,38,51,18,22
atataaaaagcaaggttaaa,-1.2250164603175238,yedV,0,2,1,1,0,0
tttaaagatgtgtttaattc,-1.292481250360578,yeeN,1,7,2,9,2,9
cgtttcatctccgccgcctt,-1.292481250360578,yeeN,81,91,97,99,73,113
agatgtgtttaattctggat,-1.292481250360578,yeeN,9,29,45,36,22,27
cgtttttttagcaacaatat,-1.292481250360578,yeeN,4,5,3,6,1,3
cagttggggaatttaaaaat,-1.0127112984399533,yeeO,5,16,18,12,7,19
atagaaacggcaaacagttg,-1.0127112984399533,yeeO,72,87,98,70,59,118
agttggggaatttaaaaatc,-1.0127112984399533,yeeO,8,18,28,20,15,17
gatagaaacggcaaacagtt,-1.0127112984399533,yeeO,135,162,228,229,135,200
ttaatacggaaataagtcac,-1.186329448504146,yehY,15,26,25,36,19,29
ttaggcgcgtaactgataaa,-1.186329448504146,yehY,42,65,87,58,72,82
gcgccagaacaggattaata,-1.186329448504146,yehY,57,107,136,123,98,175
attaatacggaaataagtca,-1.186329448504146,yehY,3,6,4,15,2,2
tatcgggataaggaaaaaaa,-1.1427011094311241,yeiS,4,3,7,9,5,2
cttcgcggaaacaaaatatc,-1.1427011094311241,yeiS,6,13,14,13,11,20
gcttcgcggaaacaaaatat,-1.1427011094311241,yeiS,21,20,14,52,30,39
gccagcctttccatgcttcg,-1.1427011094311241,yeiS,70,80,84,19,42,78
ggaggttgttgattcggtca,-1.107506445485425,yfaD,2,5,10,5,3,2
aaataccgcatcatgcgggg,-1.107506445485425,yfaD,7,14,10,13,1,4
cggggaggaggttgttgatt,-1.107506445485425,yfaD,17,17,20,6,12,17
agaaaatcccgtgcggtttc,-1.107506445485425,yfaD,2,6,7,8,5,6
ctgatgataaagatcctgaa,-1.2089262574429491,yfaU,24,38,51,68,53,55
ttgcgtaaacgttctttaaa,-1.2089262574429491,yfaU,36,69,82,81,57,93
taaagatcctgaatggtgtt,-1.2089262574429491,yfaU,8,25,25,19,18,40
ccagtcataaccagaagtgg,-1.2089262574429491,yfaU,134,128,115,119,76,148
agcgtttatcaatatccagt,-1.2746692954952175,yfbM,0,8,3,10,6,12
cttcgcgggatcaaaagcag,-1.2746692954952175,yfbM,54,52,64,22,31,65
tcatgtatattatccatcaa,-1.2746692954952175,yfbM,2,5,12,5,2,11
tttcagtagactcaagcagt,-1.2746692954952175,yfbM,41,71,71,96,46,61
caccattgatattaacaagt,-1.531847337658695,yfbO,12,44,42,28,28,34
agttgggtaatgcgttctaa,-1.531847337658695,yfbO,12,39,19,43,12,39
accattgatattaacaagtt,-1.531847337658695,yfbO,5,21,15,22,9,12
aacaatggacgaggagtatc,-1.531847337658695,yfbO,52,46,57,56,56,71
cagtaaaaatgctaataaac,-1.1177718944938766,yfdI,13,19,19,25,17,13
gtcttcaattaatggcttaa,-1.1177718944938766,yfdI,13,26,36,29,15,25
cctttcaatttatacaataa,-1.1177718944938766,yfdI,0,0,0,8,0,1
gctggtatgtcttcaattaa,-1.1177718944938766,yfdI,36,48,81,76,40,79
tcatgaatgcggaaattctc,-1.1864760489559145,yfdQ,5,8,15,14,9,14
ctcaggcaatgccacagcat,-1.1864760489559145,yfdQ,34,30,31,3,22,61
ggcatggatttgattaattg,-1.1864760489559145,yfdQ,0,10,7,2,6,12
aacaccctgagcagaaataa,-1.1864760489559145,yfdQ,20,36,43,37,36,36
gagaaagatgaccggcaaag,-1.8122454324538968,yfdR,1,4,9,9,7,2
gtcataataaaaatgcttcc,-1.8122454324538968,yfdR,5,11,11,20,8,8
gctgcaaagcaccgcatgtt,-1.8122454324538968,yfdR,52,56,77,33,33,61
aaagcggcagatatttgaaa,-1.8122454324538968,yfdR,12,20,31,37,22,37
aaaatgggcaagattaaaga,-1.0705061547635368,yfgF,10,15,18,43,22,15
gtattaatgtgggcgaaaat,-1.0705061547635368,yfgF,8,7,14,13,9,10
tgggcaagattaaagaaggc,-1.0705061547635368,yfgF,24,26,41,22,21,36
attaaagaaggcaggaacag,-1.0705061547635368,yfgF,7,14,8,19,11,6
ttcgcattcggacatgtgat,-inf,yfjH,25,16,33,24,16,29
ggttgtaaaaattgtatttt,-inf,yfjH,0,0,0,0,0,1
accataaatcaatgtattag,-inf,yfjH,0,2,6,15,4,6
aaattgtatttttggtacat,-inf,yfjH,0,0,0,1,0,1
ttttaggaaatgcatctaca,-1.0079707719345108,yfjI,9,14,15,14,10,6
ggaaatgcatctacagggaa,-1.0079707719345108,yfjI,5,13,8,13,2,16
attgcattcctgataatttt,-1.0079707719345108,yfjI,4,8,7,14,5,4
attttaggaaatgcatctac,-1.0079707719345108,yfjI,1,2,5,0,1,6
gtttgattctatcccgatat,-2.1609640474436813,yfjJ,3,6,6,4,3,6
ttgagttaagatgttcgttt,-2.1609640474436813,yfjJ,1,9,7,3,5,3
ccatattttctgtatcaatt,-2.1609640474436813,yfjJ,1,4,2,11,2,6
tgagttaagatgttcgttta,-2.1609640474436813,yfjJ,3,13,23,20,7,12
aggttgcaatttgttaggcc,-1.9737662900529322,ygaQ_4,38,58,44,32,43,42
attataactagtccatcatg,-1.9737662900529322,ygaQ_4,1,5,2,7,1,2
accaggggggataatttttc,-1.9737662900529322,ygaQ_4,14,33,25,40,25,38
cccatgtttttgtatattcc,-1.9737662900529322,ygaQ_4,5,9,8,27,11,18
aattgtaacttagtttgtaa,-1.207518749639422,ygeG,1,2,1,2,4,5
tatattctatcaaggatatc,-1.207518749639422,ygeG,0,0,0,0,0,0
ccgttatattacccttttca,-1.207518749639422,ygeG,3,6,4,8,0,3
catatgcatatattctatca,-1.207518749639422,ygeG,0,1,0,1,0,1
attttatagtaaggtgagat,-1.792481250360578,ygeI,0,2,1,1,2,3
gataaattattgataccgat,-1.792481250360578,ygeI,2,5,3,6,2,5
ttgatctgtatcagtagcac,-1.792481250360578,ygeI,28,35,45,26,31,38
tttttaattgtccaggccaa,-1.792481250360578,ygeI,1,3,8,4,3,6
ccaacaacctcatataaatc,-1.7162070339994087,ygeL,7,8,19,23,7,8
tttacaggacctgatattga,-1.7602111242632228,ygeM,10,22,20,34,19,35
aaaacatcaacttcttctga,-1.7602111242632228,ygeM,8,13,13,27,9,9
gacttatctttgaaactggt,-1.7602111242632228,ygeM,1,4,6,6,4,8
gtaggtatatggagatttac,-1.7602111242632228,ygeM,5,7,4,11,5,4
ccactgagtaaacagatcaa,-1.1147409230613836,ygeO,29,46,99,34,43,56
aaataatcccttagtacatc,-1.1147409230613836,ygeO,2,5,4,1,2,6
agtaaattccaattgtttat,-1.1147409230613836,ygeO,1,8,1,17,2,1
gccttttcatttatttccag,-1.1147409230613836,ygeO,11,28,25,44,13,24
atctttttccagataacctg,-inf,ygeP,0,9,6,11,5,5
cagagtctttcttcgagagt,-inf,ygeP,16,24,16,26,9,21
tttcataacctttatctatg,-inf,ygeP,0,2,4,3,0,3
tgacaaacgttccagtccag,-inf,ygeP,83,109,129,65,52,102
tgaaccatcgctaccaataa,-1.0178119548653606,yghT,25,49,48,41,59,56
ttttcctaaatgaactcttt,-1.0178119548653606,yghT,6,12,7,15,6,11
ccaataacggcaattaatgg,-1.0178119548653606,yghT,16,21,31,25,50,30
ctaccaataacggcaattaa,-1.0178119548653606,yghT,5,9,20,15,14,11
aagtgacgaaagtctattcc,-1.004281006751712,yhaI,27,35,56,39,22,45
aaataaagcatagacagata,-1.004281006751712,yhaI,1,1,1,6,1,1
aaagtgacgaaagtctattc,-1.004281006751712,yhaI,14,35,29,39,13,32
aagcgcaaggacgggaagga,-1.004281006751712,yhaI,99,79,97,50,51,68
cggatcaagtaaagaaacca,-1.2099516272253301,yhbQ,37,48,63,66,59,71
cccggtataaagcttattgt,-1.2099516272253301,yhbQ,7,25,33,45,17,26
acggatcaagtaaagaaacc,-1.2099516272253301,yhbQ,20,27,35,28,19,30
ggtataaagcttattgtcgg,-1.2099516272253301,yhbQ,11,19,23,33,22,22
ccattttgttctccttaatt,-inf,yhhI,0,2,2,3,1,3
tttccaggtttgtctgtaat,-inf,yhhI,0,10,14,9,12,12
ttgttctccttaattaggta,-inf,yhhI,3,5,1,11,8,8
aacttttgatgatctttccc,-inf,yhhI,6,9,8,6,1,6
ataacaataaagaaaagagg,-1.0294468445267841,yhhM,0,0,1,2,0,0
tcacttcctgctggcgcgaa,-1.0294468445267841,yhhM,77,72,79,45,82,65
atgataacaataaagaaaag,-1.0294468445267841,yhhM,1,2,1,5,3,3
cgcgaacggcgatcgttaat,-1.0294468445267841,yhhM,78,91,139,65,77,115
ttctgaatgatccgtttgta,-1.479679007751327,yhiJ,6,12,6,7,7,3
aatactgcaccaattaatat,-1.479679007751327,yhiJ,1,9,9,18,9,12
tgtcatcttgaatagattgt,-1.479679007751327,yhiJ,3,15,17,20,8,8
aacctcaccgagcattgtcc,-1.479679007751327,yhiJ,44,38,37,28,26,31
gatatgtatttattatacct,-inf,yhiS_1,0,2,0,1,0,0
atatgtatttattatacctg,-inf,yhiS_1,0,0,0,1,0,0
caaggccacttcggtgtgtc,-inf,yhiS_1,199,210,235,100,149,149
tgatatgtatttattatacc,-inf,yhiS_1,0,0,0,0,0,0
ttcaaaatagctgaagataa,-1.1961587113893803,yhjK,2,3,0,3,3,13
tttcaaaatagctgaagata,-1.1961587113893803,yhjK,4,7,10,14,13,12
gcaagaatagcttccgcttc,-1.1961587113893803,yhjK,5,16,14,18,6,21
ccgtgttatagcgattctgc,-1.1961587113893803,yhjK,44,41,37,27,53,88
attccacccagggccgctgt,-1.0894999129115337,yiaV,55,75,77,39,71,100
ggaatggtccatttatttac,-1.0894999129115337,yiaV,15,31,26,42,19,34
gggaatggtccatttattta,-1.0894999129115337,yiaV,4,11,11,14,9,10
tattccacccagggccgctg,-1.0894999129115337,yiaV,81,88,105,131,73,90
ctattttaggtgaataaatt,-2.564641508472483,yibA,1,2,4,5,1,3
actattttaggtgaataaat,-2.564641508472483,yibA,0,1,3,2,2,2
tttaacagattaatcaatag,-2.564641508472483,yibA,2,4,0,14,1,3
tgagattgttctactatttt,-2.564641508472483,yibA,1,6,4,2,5,5
cttatatcactgggtttttc,-2.160964047443681,yibG,1,10,4,8,7,13
cttttcttcacttaaatcat,-2.160964047443681,yibG,2,2,4,5,5,6
cgtaccttgcatattagaaa,-2.160964047443681,yibG,0,4,7,10,3,11
acaacctatcttatatcact,-2.160964047443681,yibG,5,12,16,8,10,24
ggtgttgccccccagaatcc,-1.0221970596792267,yigF,31,40,33,36,10,38
caggacaaataaatatatcc,-1.0221970596792267,yigF,8,13,5,11,5,15
tattgttttgatgaatcagt,-1.0221970596792267,yigF,4,8,6,12,7,6
gttgatcataaaaattaaat,-1.0221970596792267,yigF,1,1,2,4,1,8
gaaatcttaccgttagatgt,-2.218702656153649,yigG,5,22,10,26,10,9
gttaaaaaagataataagaa,-2.218702656153649,yigG,0,5,3,2,1,2
tgaaaatatataacgacgtc,-2.218702656153649,yigG,0,0,0,0,0,0
aaatcttaccgttagatgtt,-2.218702656153649,yigG,6,8,9,25,13,10
aatggaaatattcctgcatc,-1.3594091237279733,yihN,21,37,39,60,30,43
aaatggaaatattcctgcat,-1.3594091237279733,yihN,30,66,72,79,57,50
caatttgaccattggtcaaa,-1.3594091237279733,yihN,16,28,25,40,29,59
agacagaaaaaagcccactg,-1.3594091237279733,yihN,94,117,114,130,80,130
agattcagttttaatgtcag,-1.054717705316051,yihO,5,16,19,26,8,12
attcatcggtataaaatttg,-1.054717705316051,yihO,5,13,18,27,21,14
accgacgtcgcccataccat,-1.054717705316051,yihO,335,328,416,278,298,424
agcaggcatccctaattcat,-1.054717705316051,yihO,58,81,111,31,72,84
attgcatctttattatcccc,-1.3620132692293538,yjbM,14,15,19,37,11,19
atagctgaaccgtggaggga,-1.3620132692293538,yjbM,56,59,77,62,53,41
tcaaaagtacattgttcaat,-1.3620132692293538,yjbM,0,3,3,7,2,2
atcaaaagtacattgttcaa,-1.3620132692293538,yjbM,2,7,4,5,2,11
aatccatagcgaaagaatga,-1.0908752184195512,yjcC,6,11,18,14,6,7
tgcccggcaacgccagtaat,-1.0908752184195512,yjcC,41,34,44,42,37,37
agaactaaaaagataatgcc,-1.0908752184195512,yjcC,3,3,3,10,2,5
atccatagcgaaagaatgat,-1.0908752184195512,yjcC,18,21,24,35,17,51
gtaattctgattaacctgtt,-1.0615653949816857,yjcS,0,8,8,8,3,8
cgcttcctctttcgcgttag,-1.0615653949816857,yjcS,94,100,127,63,84,83
aacctgttgggtatattgag,-1.0615653949816857,yjcS,4,17,14,26,11,14
ctgttgggtatattgagtgg,-1.0615653949816857,yjcS,17,23,36,0,23,30
aggtttcgataatcatttgg,-1.2811212121105364,yjfI,8,19,22,21,19,18
ggtttcgataatcatttggc,-1.2811212121105364,yjfI,28,49,50,63,20,63
taaaggtttcgataatcatt,-1.2811212121105364,yjfI,11,29,11,36,12,17
agcgccgtcgctagcgccaa,-1.2811212121105364,yjfI,151,186,204,144,123,172
gaaaaacgagataaatatgc,-2.208926257442949,yjfZ,8,13,14,34,15,30
ggaaatgaataaatagtcgt,-2.208926257442949,yjfZ,4,11,11,19,8,19
ttttaattttactggtttgt,-2.208926257442949,yjfZ,0,4,1,9,4,5
taattttactggtttgtcgg,-2.208926257442949,yjfZ,2,4,7,9,5,6
tcataaagaggacggccatc,-1.5325317281468875,yjiT,129,196,211,140,111,180
attcacaaagttacttagcc,-1.5325317281468875,yjiT,21,26,33,37,21,14
gttgcatgatattcataaag,-1.5325317281468875,yjiT,4,7,12,19,8,10
taattgggtatattcatcat,-1.5325317281468875,yjiT,1,7,4,11,2,3
tttaaccctgcttgcataac,-1.9796790077513269,yjjQ,27,40,49,42,32,29
tggatattatttcatattca,-1.9796790077513269,yjjQ,0,1,2,3,0,0
ctggatattatttcatattc,-1.9796790077513269,yjjQ,1,4,7,10,8,6
aaggtcctccgcagaggcgc,-1.9796790077513269,yjjQ,31,42,41,35,15,24
atggtatcctccagaactgt,-1.3390359525563187,ykgI,10,24,20,32,26,12
ggatgaagcattatattttc,-1.3390359525563187,ykgI,4,6,12,5,12,16
tattttatcatctgcattgg,-1.3390359525563187,ykgI,4,2,1,8,4,2
aattattttatcatctgcat,-1.3390359525563187,ykgI,0,1,0,1,1,1
gatataaaaaaggctccacg,-1.6830103395352665,ymcE,29,53,40,52,30,47
atataaaaaaggctccacga,-1.6830103395352665,ymcE,4,13,11,23,10,10
tattattttgtgaaatccag,-1.6830103395352665,ymcE,0,3,2,4,0,0
ttgtgaaatccagcggcgca,-1.6830103395352665,ymcE,52,49,51,42,43,60
tatctagagggcatcgtatg,-1.4200673943909898,ymfD,10,21,13,27,14,25
ttttccgcagccaaaatcaa,-1.4200673943909898,ymfD,23,29,33,61,11,34
atactcgcaaagatatctag,-1.4200673943909898,ymfD,1,7,6,7,5,4
tactcgcaaagatatctaga,-1.4200673943909898,ymfD,5,10,12,8,7,12
aatattgtagtcctgcgccc,-1.242713413585121,ymgD,3,7,3,23,8,14
caagtaatataggtttctga,-1.242713413585121,ymgD,3,8,15,14,11,9
taaatcacggctggcaacgc,-1.242713413585121,ymgD,31,22,26,25,12,1
ggcttctgcgcaagtaatat,-1.242713413585121,ymgD,20,23,41,24,12,45
aatagacacgctgaatgaaa,-1.2512501702645915,yncH,18,28,28,51,24,18
aatagttagtttcttttcag,-1.2512501702645915,yncH,2,3,2,4,2,2
caccattaaaattgggcgtc,-1.0674212711434334,yniB,70,73,66,64,57,64
taccagaatagattcaaaaa,-1.0674212711434334,yniB,7,2,12,26,11,11
accattaaaattgggcgtcg,-1.0674212711434334,yniB,37,40,42,50,32,47
atcaatgtagagatcaatgc,-1.0674212711434334,yniB,12,19,18,39,11,25
aaaggaattttgctaagcgg,-1.4053376401746078,ynjA,8,16,23,30,8,10
ggcttagcacctcgccgtaa,-1.4053376401746078,ynjA,135,128,194,75,78,153
attaaaggaattttgctaag,-1.4053376401746078,ynjA,0,0,0,4,0,0
gcctgtggacgtaaaattaa,-1.4053376401746078,ynjA,31,72,67,58,54,101
atcaatgagaattaaaacac,-1.181285039692354,yoeE,6,14,16,20,10,11
gtccggagattcaccctttt,-1.181285039692354,yoeE,28,31,34,46,28,33
aggatgcttcgccactagac,-1.181285039692354,yoeE,7,7,7,15,6,2
tcccacaccataattatctc,-1.181285039692354,yoeE,5,5,2,12,3,19
gggcaattaataacaaaacg,-1.1477279417630857,yphA,1,4,9,3,0,4
cttgcacctcgccacgcccc,-1.1477279417630857,yphA,170,165,241,104,137,125
cgggcaattaataacaaaac,-1.1477279417630857,yphA,11,21,17,18,4,29
aattaataacaaaacggggc,-1.1477279417630857,yphA,0,5,4,6,1,1
tttactcagtgaatcaatag,-inf,yqeK,2,4,5,10,3,2
aatttttttaacggaatcct,-inf,yqeK,0,2,0,1,2,0
tagcagtccattgcccatgc,-1.1239637567217928,yqiI,43,47,42,12,31,32
tcttctcctggagatgggcc,-1.1239637567217928,yqiI,24,28,40,54,14,14
tcgctggggatagagattct,-1.1239637567217928,yqiI,27,32,52,57,51,68
atcaccttttttaccatcgc,-1.1239637567217928,yqiI,16,22,18,36,11,21
aggaaatagcgaaaagataa,-1.312802242609251,yqiJ,7,8,5,24,8,17
aaggaaatagcgaaaagata,-1.312802242609251,yqiJ,4,12,11,35,10,16
aagataaggggtgttatagt,-1.312802242609251,yqiJ,5,5,8,9,3,1
ggaaatagcgaaaagataag,-1.312802242609251,yqiJ,7,14,13,12,12,12
gaatagtgaatggaattttt,-1.4770981551934377,yraH,8,16,18,31,20,16
agagtcattgatttcacaag,-1.4770981551934377,yraH,1,3,2,4,4,8
atcaaaaactatttcaccat,-1.4770981551934377,yraH,6,10,20,12,8,12
tatttcaccatcggttgcag,-1.4770981551934377,yraH,36,38,44,45,40,38
aaaattattgtgtctgatcc,-1.5849625007211563,ytfI,1,1,0,3,2,2
agaactccctcaaagttaac,-1.5849625007211563,ytfI,26,39,40,50,49,46
cttttttcttaaatgcatga,-1.5849625007211563,ytfI,0,1,0,9,0,1
aaattattgtgtctgatcct,-1.5849625007211563,ytfI,2,5,7,6,9,3
